user_id,category
6788d83933abab0147580e98,Finance
6788d83933abab0147580e98,Motivational
6788d83933abab0147580e96,Comedy
6788d83933abab0147580e96,Lifestyle
6788d83a33abab0147580ea4,Entertainment
6788d83a33abab0147580ea4,Culture
6788da7233abab0147581062,Educational
6788da7233abab0147581062,Social Issues
6788da7233abab0147581064,Educational
6788da7233abab0147581064,Current Affairs
6788de4433abab0147581106,Finance
6788de4433abab0147581106,Investment
6788de4433abab014758110e,Education
6788de4433abab014758110e,Lifestyle
6788de4433abab014758110c,Comedy
6788de4433abab014758110c,Entertainment
6788de4433abab014758110a,Comedy
6788de4433abab014758110a,Entertainment
67897fc213537f4d2049d92e,Education
67897fc213537f4d2049d92e,Spiritual
678986b513537f4d2049e128,Comedy
67898b9513537f4d2049e82c,Educator
67898d0713537f4d2049e8f4,Educator
67899b1c13537f4d2049f31d,Educator
6789a1ad13537f4d2049f843,Educational
678bfa4af5489fb0e02536e4,Finance
678ccbbe66775883717ef12d,Finance
678d0aa066775883717ef6a0,Finance
678d0aa066775883717ef6a0,Business
678d419266775883717f1cdf,Kids
678d923a66775883717f6b31,Productivity
678d95e166775883717f6cf6,Productivity
678e466ba8ae2c5d02101d7e,Current Affairs
678e867b9fe1d22e8f6a44f2,Sports
678e867b9fe1d22e8f6a44f2,Investment
678e867b9fe1d22e8f6a44f2,Literature
678e867b9fe1d22e8f6a44f2,Kids
678e867b9fe1d22e8f6a44f2,Culture
678e867b9fe1d22e8f6a44f2,Entertainment
678e867b9fe1d22e8f6a44f2,Current Affairs
678e867b9fe1d22e8f6a44f2,Social Issues
678e867b9fe1d22e8f6a44f2,Spiritual
678e867b9fe1d22e8f6a44f2,Comedy
678e867b9fe1d22e8f6a44f2,Politics
678e867b9fe1d22e8f6a44f2,Scams
678e867b9fe1d22e8f6a44f2,Mysteries
678e867b9fe1d22e8f6a44f2,Crime
678e867b9fe1d22e8f6a44f2,Finance
678e867b9fe1d22e8f6a44f2,Competitive Exams
678e867b9fe1d22e8f6a44f2,Educational
678e867b9fe1d22e8f6a44f2,Productivity
678e867b9fe1d22e8f6a44f2,Startup
678e867b9fe1d22e8f6a44f2,Business
678e89449fe1d22e8f6a4582,Bangalore
678f77499fe1d22e8f6a5179,Podcast
678f77499fe1d22e8f6a5179,Startup
678f77499fe1d22e8f6a5179,Current Affairs
678f77499fe1d22e8f6a5179,Investment
67909870e65df45dd604beda,Finance
67909870e65df45dd604beda,Current Affairs
67909870e65df45dd604beda,Educational
67909870e65df45dd604beda,Comedy
6790ec6ce65df45dd604d459,Mysteries
6790ec6ce65df45dd604d459,Crime
6790ef99e65df45dd604d510,Investment
6792356ae65df45dd604eba7,Sports
6792356ae65df45dd604eba7,Kids
6792356ae65df45dd604eba7,Entertainment
6792356ae65df45dd604eba7,Comedy
67939314e65df45dd604f895,"Health,Entertainment"
67939d19e65df45dd604f9d2,Mysteries
67939d19e65df45dd604f9d2,Crime
67939d19e65df45dd604f9d2,Investment
6793b285e65df45dd604ffca,Mysteries
6793b285e65df45dd604ffca,Crime
6793b285e65df45dd604ffca,Kids
6793b285e65df45dd604ffca,Entertainment
6793b285e65df45dd604ffca,Educational
6793b285e65df45dd604ffca,Spiritual
6793b285e65df45dd604ffca,Comedy
6793b285e65df45dd604ffca,Current Affairs
6793b285e65df45dd604ffca,Social Issues
6793d986e65df45dd6050253,Comedy
679438b7e65df45dd6050b7c,Comedy
679438b8e65df45dd6050b81,Comedy
6794486fe65df45dd60513e3,Comedy
6794495de65df45dd605140f,Comedy
679482a1e65df45dd6052033,Comedy
6794843ce65df45dd605206e,Comedy
67951cf005e5f89c45978302,Literature
67951cf005e5f89c45978302,Current Affairs
67951cf005e5f89c45978302,Social Issues
67951cf005e5f89c45978302,Spiritual
67951cf005e5f89c45978302,Politics
6795314c05e5f89c45978ccd,Health
679533b905e5f89c45978d7c,Health
6795ff1005e5f89c4597c7a3,Health
67962d0112bc2f462318b722,Finance
679634c412bc2f462318bd05,Comedy
6796404812bc2f462318c1ed,History
6796455212bc2f462318c373,Current Affairs
6796455212bc2f462318c373,Politics
67966b9912bc2f462318d3c8,Mysteries
67966b9912bc2f462318d3c8,Crime
67966b9912bc2f462318d3c8,Sports
67966b9912bc2f462318d3c8,Investment
67966b9912bc2f462318d3c8,Finance
67966b9912bc2f462318d3c8,Competitive Exams
67966b9912bc2f462318d3c8,Literature
67966b9912bc2f462318d3c8,Kids
67966b9912bc2f462318d3c8,Culture
67966b9912bc2f462318d3c8,Entertainment
67966b9912bc2f462318d3c8,Current Affairs
67966b9912bc2f462318d3c8,Spiritual
67966b9912bc2f462318d3c8,Productivity
67966b9912bc2f462318d3c8,Comedy
67966b9912bc2f462318d3c8,Politics
67966b9912bc2f462318d3c8,Scams
67966b9912bc2f462318d3c8,Startup
67966b9912bc2f462318d3c8,Business
6797916e041017eca3de3041,Finance
6797916e041017eca3de3041,Competitive Exams
6797916e041017eca3de3041,Culture
6797916e041017eca3de3041,Educational
6797916e041017eca3de3041,Spiritual
6797916e041017eca3de3041,Politics
6797916e041017eca3de3041,Startup
6797916e041017eca3de3041,Business
6797ddf4d05e75fa7b2f5bd3,Current Affairs
6797ddf4d05e75fa7b2f5bd3,Politics
6797ddf4d05e75fa7b2f5bd3,Business
679900889cd5a42618255dd2,Investment
679900889cd5a42618255dd2,Finance
679900889cd5a42618255dd2,Entertainment
679900889cd5a42618255dd2,Current Affairs
679900889cd5a42618255dd2,Educational
679900889cd5a42618255dd2,Spiritual
679900889cd5a42618255dd2,Productivity
679900889cd5a42618255dd2,Comedy
679900889cd5a42618255dd2,Business
679b737305a1d9b38bbda765,Finance
679b737305a1d9b38bbda765,Kids
679b737305a1d9b38bbda765,Educational
679b737305a1d9b38bbda765,Spiritual
679b737305a1d9b38bbda765,Comedy
679cb2e005a1d9b38bbdba5c,Crime
679cb2e005a1d9b38bbdba5c,Sports
679cb2e005a1d9b38bbdba5c,Spiritual
679cb31e05a1d9b38bbdbaa1,Mysteries
679cb31e05a1d9b38bbdbaa1,Sports
679cb31e05a1d9b38bbdbaa1,Comedy
679cb31e05a1d9b38bbdbaa1,Entertainment
679ccba405a1d9b38bbdbbbd,Entertainment
679ccba405a1d9b38bbdbbbd,Current Affairs
679ccba405a1d9b38bbdbbbd,Educational
679ccba405a1d9b38bbdbbbd,Spiritual
679cf9e105a1d9b38bbdc481,Technology
679cf9e105a1d9b38bbdc481,Current Affairs
67a08714d38c66253990e34a,Startup
67a08714d38c66253990e34a,Health
67a08714d38c66253990e34a,Social Issues
67a08714d38c66253990e34a,Mysteries
67a08714d38c66253990e34a,Psychology
67a08aa1d38c66253990e6de,Educational
67a08aa1d38c66253990e6de,Startup
67a08aa1d38c66253990e6de,Competitive Exams
67a172c3d38c66253990f626,Culture
67a172c3d38c66253990f626,Spiritual
67a172c3d38c66253990f626,Business
67a172c3d38c66253990f626,Finance
67a172c3d38c66253990f626,Health
67a172c3d38c66253990f626,Politics
67a309279ad8ceb7a54b1b97,Current Affairs
67a309279ad8ceb7a54b1b97,Mysteries
67a309279ad8ceb7a54b1b97,Entertainment
67a309279ad8ceb7a54b1b97,Spiritual
67a309279ad8ceb7a54b1b97,History
67a309279ad8ceb7a54b1b97,Health
67a309279ad8ceb7a54b1b97,Educational
67a309279ad8ceb7a54b1b97,Business
67a309279ad8ceb7a54b1b97,Finance
67a309279ad8ceb7a54b1b97,Startup
67a309279ad8ceb7a54b1b97,Scams
67a309279ad8ceb7a54b1b97,Sports
67a309279ad8ceb7a54b1b97,Geopolitics
67a309279ad8ceb7a54b1b97,Culture
67b0057761e07e74cefc88f4,Technology
67b0057761e07e74cefc88f4,Current Affairs
67b0c4d961e07e74cefc9144,Entertainment
67b0c4d961e07e74cefc9144,Social Issues
67b0c4d961e07e74cefc9144,Business
67b0c4d961e07e74cefc9144,Startup
67b0c4d961e07e74cefc9144,Spiritual
67b20d1f815a603d5ef7908a,History
67ba1f5bcd3b3e567426617b,Educational
67ba1f5bcd3b3e567426617b,Psychology
67ba1f5bcd3b3e567426617b,Productivity
67ba1f5bcd3b3e567426617b,Entertainment
67ba1f5bcd3b3e567426617b,Comedy
67bbd69bcd3b3e56742663da,Kids
67bbd938cd3b3e5674266495,Social Issues
67bbd938cd3b3e5674266495,Current Affairs
67bbdee9cd3b3e567426657f,Health
67bd9d89cd3b3e567426b47c,Finance
67bd9d89cd3b3e567426b47c,Spiritual
67bd9d89cd3b3e567426b47c,Entertainment
67bd9d89cd3b3e567426b47c,Comedy
67bdd7e9cd3b3e567426d464,Comedy
67bdd7e9cd3b3e567426d464,Kids
67bdd7e9cd3b3e567426d464,Spiritual
67bde6a5cd3b3e567426d4d2,Educational
67bde6a5cd3b3e567426d4d2,Health
67bde6a5cd3b3e567426d4d2,Entertainment
67bde6a5cd3b3e567426d4d2,Business
67bee53353f111a48a135037,Spiritual
67bf20f453f111a48a1365fd,Entertainment
67bf20f453f111a48a1365fd,Psychology
67bf20f453f111a48a1365fd,Politics
67bf262453f111a48a1366cc,Finance
67bf262453f111a48a1366cc,Social Issues
67bf262453f111a48a1366cc,Business
67bf262453f111a48a1366cc,Crime
67bf262453f111a48a1366cc,Educational
67bf262453f111a48a1366cc,Politics
67bf262453f111a48a1366cc,Mysteries
67bf262453f111a48a1366cc,Competitive Exams
67bf262453f111a48a1366cc,Sports
67bf262453f111a48a1366cc,Health
67bf262453f111a48a1366cc,History
67bf262453f111a48a1366cc,Startup
67bf262453f111a48a1366cc,Geopolitics
67bf270953f111a48a13671a,Health
67bf270953f111a48a13671a,Startup
67bf270953f111a48a13671a,Literature
67bf270953f111a48a13671a,Mysteries
67bf270953f111a48a13671a,Business
67bf270953f111a48a13671a,Scams
67bf270953f111a48a13671a,Psychology
67bf270953f111a48a13671a,Finance
67bf270953f111a48a13671a,Crime
67bf270953f111a48a13671a,Educational
67bf270953f111a48a13671a,Geopolitics
67bf270953f111a48a13671a,Current Affairs
67bf270953f111a48a13671a,Productivity
67bf270953f111a48a13671a,Investment
67bf270953f111a48a13671a,Culture
67bf270953f111a48a13671a,Competitive Exams
67bf270953f111a48a13671a,History
67bf270953f111a48a13671a,Social Issues
67bf270953f111a48a13671a,Spiritual
67bf270953f111a48a13671a,Kids
67bf270953f111a48a13671a,Comedy
67bf270953f111a48a13671a,Politics
67bf270953f111a48a13671a,Entertainment
67bf3104f500aaced732f52d,Kids
67bf3104f500aaced732f52d,Comedy
67bf3104f500aaced732f52d,Health
67bf3104f500aaced732f52d,Productivity
67bf3104f500aaced732f52d,Educational
67bf33dcf500aaced732f687,Politics
67bf33dcf500aaced732f687,Geopolitics
67bf33dcf500aaced732f687,Literature
67bf4e6072da3b87946f5a29,Educational
67bf4e6072da3b87946f5a29,Productivity
67bf4e6072da3b87946f5a29,Current Affairs
67bf4e6072da3b87946f5a29,Literature
67bf4e6072da3b87946f5a29,Startup
67bf4e6072da3b87946f5a29,Culture
67bf4e6072da3b87946f5a29,Geopolitics
67bf4e6072da3b87946f5a29,Finance
67bf4e6072da3b87946f5a29,Scams
67bf4e6072da3b87946f5a29,Politics
67bf4e6072da3b87946f5a29,Business
67bf4e6072da3b87946f5a29,Mysteries
67bf4e6072da3b87946f5a29,Psychology
67bf4e6072da3b87946f5a29,Social Issues
67bf4e6072da3b87946f5a29,Sports
67bf4e6072da3b87946f5a29,Crime
67bf4e6072da3b87946f5a29,Investment
67bf4e6072da3b87946f5a29,Competitive Exams
67bf4e6072da3b87946f5a29,Entertainment
67bf4e6072da3b87946f5a29,Health
67bf4e6072da3b87946f5a29,Kids
67bf4e6072da3b87946f5a29,Spiritual
67bf4e6072da3b87946f5a29,History
67bf4e6072da3b87946f5a29,Comedy
67c06aa272da3b87946f651f,Competitive Exams
67c06aa272da3b87946f651f,Psychology
67c06aa272da3b87946f651f,Comedy
67c06aa272da3b87946f651f,Educational
67c06aa272da3b87946f651f,Productivity
67c06aa272da3b87946f651f,Crime
67c06aa272da3b87946f651f,Finance
67c06aec72da3b87946f6575,Business
67c06aec72da3b87946f6575,Productivity
67c06aec72da3b87946f6575,Investment
67c06aec72da3b87946f6575,Kids
67c06aec72da3b87946f6575,Literature
67c06aec72da3b87946f6575,Politics
67c085d972da3b87946f6764,Investment
67c085d972da3b87946f6764,Health
67c085d972da3b87946f6764,Educational
67c085d972da3b87946f6764,Kids
67c085d972da3b87946f6764,Productivity
67c085d972da3b87946f6764,Politics
67c085d972da3b87946f6764,Psychology
67c085d972da3b87946f6764,History
67c08a3872da3b87946f6804,Culture
67c08a3872da3b87946f6804,Educational
67c08a3872da3b87946f6804,Kids
67c0b37a72da3b87946f718c,Mysteries
67c0b37a72da3b87946f718c,Entertainment
67c0b37a72da3b87946f718c,Geopolitics
67c0b37a72da3b87946f718c,Crime
67c0b37a72da3b87946f718c,Educational
67c0b37a72da3b87946f718c,History
67c0b37a72da3b87946f718c,Current Affairs
67c0b37a72da3b87946f718c,Comedy
67c0b37a72da3b87946f718c,Sports
67c0b37a72da3b87946f718c,Productivity
67c0b37a72da3b87946f718c,Competitive Exams
67c0b37a72da3b87946f718c,Politics
67c0b37a72da3b87946f718c,Culture
67c0b37a72da3b87946f718c,Social Issues
67c0b37a72da3b87946f718c,Investment
67c0b37a72da3b87946f718c,Psychology
67c0b37a72da3b87946f718c,Literature
67c0b37a72da3b87946f718c,Spiritual
67c0b37a72da3b87946f718c,Finance
67c0b37a72da3b87946f718c,Scams
67c0b37a72da3b87946f718c,Business
67c0b37a72da3b87946f718c,Health
67c0b37a72da3b87946f718c,Startup
67c0b37a72da3b87946f718c,Kids
67c184359e0e44affb1254ac,Entertainment
67c184359e0e44affb1254ac,Mysteries
67c184359e0e44affb1254ac,Culture
67c184359e0e44affb1254ac,History
67c184359e0e44affb1254ac,Educational
67c184359e0e44affb1254ac,Psychology
67c184c49e0e44affb12575b,Mysteries
67c184c49e0e44affb12575b,Scams
67c184c49e0e44affb12575b,Entertainment
67c184c49e0e44affb12575b,Crime
67c184c49e0e44affb12575b,Current Affairs
67c184c49e0e44affb12575b,Finance
67c184c49e0e44affb12575b,Sports
67c184c49e0e44affb12575b,History
67c184c49e0e44affb12575b,Educational
67c184c49e0e44affb12575b,Health
67c184c49e0e44affb12575b,Psychology
67c184c49e0e44affb12575b,Comedy
67c184c49e0e44affb12575b,Spiritual
67c184c89e0e44affb125787,Entertainment
67c184c89e0e44affb125787,Educational
67c184c89e0e44affb125787,Kids
67c184c89e0e44affb125787,Motivational
67c184c89e0e44affb125787,Health
67c1852b9e0e44affb125a60,Health
67c1852b9e0e44affb125a60,Mysteries
67c1852b9e0e44affb125a60,Crime
67c1ea3e3830dee6d2fc78e4,Scams
67c1ea3e3830dee6d2fc78e4,Mysteries
67c1ea3e3830dee6d2fc78e4,Crime
67c2033a3830dee6d2fc7bd9,Comedy
67c2033a3830dee6d2fc7bd9,Competitive Exams
67c2033a3830dee6d2fc7bd9,Spiritual
67c2033a3830dee6d2fc7bd9,Entertainment
67c2033a3830dee6d2fc7bd9,Business
67c2033a3830dee6d2fc7bd9,Sports
67c2033a3830dee6d2fc7bd9,Social Issues
67c2033a3830dee6d2fc7bd9,Mysteries
67c2033a3830dee6d2fc7bd9,Culture
67c2033a3830dee6d2fc7bd9,Startup
67c2033a3830dee6d2fc7bd9,Scams
67c2033a3830dee6d2fc7bd9,Health
67c2033a3830dee6d2fc7bd9,History
67c2033a3830dee6d2fc7bd9,Geopolitics
67c2033a3830dee6d2fc7bd9,Kids
67c2033a3830dee6d2fc7bd9,Educational
67c2033a3830dee6d2fc7bd9,Psychology
67c2033a3830dee6d2fc7bd9,Politics
67c2033a3830dee6d2fc7bd9,Current Affairs
67c2033a3830dee6d2fc7bd9,Crime
67c2033a3830dee6d2fc7bd9,Finance
67c2033a3830dee6d2fc7bd9,Literature
67c2b3043830dee6d2fc7e31,Mysteries
67c2b3043830dee6d2fc7e31,Entertainment
67c2b3043830dee6d2fc7e31,History
67c2b3043830dee6d2fc7e31,Comedy
67c421363830dee6d2fc8957,Spiritual
67c421363830dee6d2fc8957,Mysteries
67c421363830dee6d2fc8957,Literature
67c421363830dee6d2fc8957,Comedy
67c421363830dee6d2fc8957,Productivity
67c421363830dee6d2fc8957,Crime
67c421363830dee6d2fc8957,Culture
67c421363830dee6d2fc8957,Kids
67c421363830dee6d2fc8957,Social Issues
67c421363830dee6d2fc8957,Politics
67c53aad3830dee6d2fc8c3e,Entertainment
67c53aad3830dee6d2fc8c3e,Educational
67c53aad3830dee6d2fc8c3e,Health
67c53ba43830dee6d2fc8d17,Health
67c53ba43830dee6d2fc8d17,Politics
67c53ba43830dee6d2fc8d17,Comedy
67c53ba43830dee6d2fc8d17,Current Affairs
67c53ba43830dee6d2fc8d17,Educational
67c53ba43830dee6d2fc8d17,Competitive Exams
67c54d4e3830dee6d2fc8e80,Health
67c54d4e3830dee6d2fc8e80,Sports
67c54d4e3830dee6d2fc8e80,Startup
67c54d4e3830dee6d2fc8e80,Spiritual
67c54d4e3830dee6d2fc8e80,Competitive Exams
67c54d4e3830dee6d2fc8e80,Educational
67c58f383830dee6d2fca03d,Spiritual
67c58f383830dee6d2fca03d,Kids
67c58f383830dee6d2fca03d,Health
67c6fb523830dee6d2fcbb9e,Health
67c6fb523830dee6d2fcbb9e,Comedy
67c6fb523830dee6d2fcbb9e,Finance
67c6fb523830dee6d2fcbb9e,Spiritual
67c6fb523830dee6d2fcbb9e,Kids
67c704523830dee6d2fcbefe,Spiritual
67c7302c3830dee6d2fcc0e8,History
67c7302c3830dee6d2fcc0e8,Business
67c7302c3830dee6d2fcc0e8,Spiritual
67c7302c3830dee6d2fcc0e8,Finance
67c7d0ba3830dee6d2fcc25f,Health
67c7d0ba3830dee6d2fcc25f,Business
67c7d0ba3830dee6d2fcc25f,Spiritual
67c7d0ba3830dee6d2fcc25f,Literature
67c7d0ba3830dee6d2fcc25f,History
67c7d0ba3830dee6d2fcc25f,Psychology
67c7d0ba3830dee6d2fcc25f,Educational
67c7d0ba3830dee6d2fcc25f,Entertainment
67c7d0ba3830dee6d2fcc25f,Sports
67c7d0ba3830dee6d2fcc25f,Social Issues
67c7d0ba3830dee6d2fcc25f,Comedy
67c7d0ba3830dee6d2fcc25f,Finance
67c7d0ba3830dee6d2fcc25f,Competitive Exams
67c7d0ba3830dee6d2fcc25f,Startup
67c7d0ba3830dee6d2fcc25f,Culture
67c7d0ba3830dee6d2fcc25f,Mysteries
67c7d0ba3830dee6d2fcc25f,Scams
67c7d0ba3830dee6d2fcc25f,Politics
67c7d0ba3830dee6d2fcc25f,Investment
67c7d0ba3830dee6d2fcc25f,Productivity
67c7f1293830dee6d2fcca55,Spiritual
67c7f1293830dee6d2fcca55,Sports
67c7f1293830dee6d2fcca55,Competitive Exams
67c7f1293830dee6d2fcca55,Culture
67ca68ac52a2ce5d7e08a2ff,Mysteries
67ca68ac52a2ce5d7e08a2ff,Kids
67ca68ac52a2ce5d7e08a2ff,Educational
67ca68ac52a2ce5d7e08a2ff,news
67ca68ac52a2ce5d7e08a2ff,History
67ca68ac52a2ce5d7e08a2ff,Startup
67ca68ac52a2ce5d7e08a2ff,Health
67ca68ac52a2ce5d7e08a2ff,Entertainment
67ca68ac52a2ce5d7e08a2ff,Investment
67ca68ac52a2ce5d7e08a2ff,Comedy
67cbb00f3cde7a9621ceded7,Mysteries
67cbb00f3cde7a9621ceded7,Scams
67cbb00f3cde7a9621ceded7,Spiritual
67cbb00f3cde7a9621ceded7,Investment
67cbb00f3cde7a9621ceded7,Productivity
67cbb00f3cde7a9621ceded7,Geopolitics
67cbb00f3cde7a9621ceded7,Politics
67cbb00f3cde7a9621ceded7,Health
67cbb00f3cde7a9621ceded7,History
67cbb00f3cde7a9621ceded7,Entertainment
67cbb00f3cde7a9621ceded7,Psychology
67cbfb6c3cde7a9621cee17a,Politics
67cbfb6c3cde7a9621cee17a,Crime
67cbfb6c3cde7a9621cee17a,Startup
67cbfb6c3cde7a9621cee17a,Comedy
67cbfb6c3cde7a9621cee17a,Mysteries
67cbfb6c3cde7a9621cee17a,Investment
67cbfb6c3cde7a9621cee17a,Literature
67cbfb6c3cde7a9621cee17a,Kids
67cbfb6c3cde7a9621cee17a,Entertainment
67cbfb6c3cde7a9621cee17a,Business
67cd373a3cde7a9621cee70a,Psychology
67cf18b2381a17e3b85c811b,Literature
67cf18b2381a17e3b85c811b,Culture
67cf18b2381a17e3b85c811b,Spiritual
67cf18b2381a17e3b85c811b,History
67cf18b2381a17e3b85c811b,Health
67cf18b2381a17e3b85c811b,Entertainment
67cf18b2381a17e3b85c811b,Business
67cf18b2381a17e3b85c811b,Productivity
67cf18b2381a17e3b85c811b,Kids
67cf18b2381a17e3b85c811b,Investment
67cf18b2381a17e3b85c811b,Educational
67cf18b2381a17e3b85c811b,Psychology
67cf18b2381a17e3b85c811b,Finance
67cf18b2381a17e3b85c811b,Comedy
67d4e93e381a17e3b85ca092,History
67d4e93e381a17e3b85ca092,Comedy
67d4e93e381a17e3b85ca092,Motivational
67d4e93e381a17e3b85ca092,Literature
67d4e93e381a17e3b85ca092,Finance
67d4e93e381a17e3b85ca092,Culture
67d4e93e381a17e3b85ca092,Entertainment
67d4e93e381a17e3b85ca092,Business
67d4e93e381a17e3b85ca092,Productivity
67d4e93e381a17e3b85ca092,Kids
67d4e93e381a17e3b85ca092,Health
67d4e93e381a17e3b85ca092,Spiritual
67d4e93e381a17e3b85ca092,Psychology
67d4e93e381a17e3b85ca092,Educational
67d4e93e381a17e3b85ca092,Investment
67d656bdc9ff3542b2c4d84d,Psychology
67d656bdc9ff3542b2c4d84d,Spiritual
67d656bdc9ff3542b2c4d84d,Politics
67d656bdc9ff3542b2c4d84d,Social Issues
67d656bdc9ff3542b2c4d84d,Mysteries
67d656bdc9ff3542b2c4d84d,Culture
67d656bdc9ff3542b2c4d84d,Current Affairs
67d656bdc9ff3542b2c4d84d,Crime
67d656bdc9ff3542b2c4d84d,History
67d6f770c9ff3542b2c4d96e,History
67dda7389e69acccee61c56c,Startup
67dda7389e69acccee61c56c,Culture
67dda7389e69acccee61c56c,Entertainment
67dda7389e69acccee61c56c,Psychology
67dda7389e69acccee61c56c,Social Issues
67dda7389e69acccee61c56c,Investment
67dda7389e69acccee61c56c,Productivity
67dda7389e69acccee61c56c,Current Affairs
67dda7389e69acccee61c56c,Mysteries
67dda7389e69acccee61c56c,Comedy
67dda7389e69acccee61c56c,Educational
67dda7389e69acccee61c56c,Health
67dda7389e69acccee61c56c,Business
67dda7389e69acccee61c56c,Finance
67dda7389e69acccee61c56c,History
67dda7389e69acccee61c56c,Politics
67ddaa9e9e69acccee61c65b,Scams
67ddaa9e9e69acccee61c65b,Entertainment
67ddaa9e9e69acccee61c65b,Culture
67ddaa9e9e69acccee61c65b,Investment
67ddaa9e9e69acccee61c65b,History
67ddaa9e9e69acccee61c65b,Finance
67ddaa9e9e69acccee61c65b,Literature
67ddaa9e9e69acccee61c65b,Social Issues
67ddaa9e9e69acccee61c65b,Current Affairs
67ddaa9e9e69acccee61c65b,Educational
67ddaa9e9e69acccee61c65b,Crime
67ddaa9e9e69acccee61c65b,Politics
67ddaa9e9e69acccee61c65b,Mysteries
67ddaa9e9e69acccee61c65b,Comedy
67ddaa9e9e69acccee61c65b,Geopolitics
67ddaa9e9e69acccee61c65b,Kids
67ddaa9e9e69acccee61c65b,Productivity
67ddaa9e9e69acccee61c65b,Startup
67ddaa9e9e69acccee61c65b,Business
67ddaa9e9e69acccee61c65b,Spiritual
67de562440596e2f906402bf,Current Affairs
67de562440596e2f906402bf,Entertainment
67de562440596e2f906402bf,Kids
67de562440596e2f906402bf,Comedy
67de562440596e2f906402bf,Politics
67de562440596e2f906402bf,Spiritual
67de562440596e2f906402bf,Educational
67e3b29adab681792f0c529c,Culture
67e3b29adab681792f0c529c,Politics
67e3b29adab681792f0c529c,History
67e529ce0145929c6afbef79,Education
67e53ab40145929c6afc07ea,Educational
67e53ab40145929c6afc07ea,Motivational
67e566c3aca0fa091439fc00,Finance
67e566c3aca0fa091439fc00,Crime
67e566c3aca0fa091439fc00,Kids
67e5a11eaca0fa091439ff05,Entertainment
67e5a11eaca0fa091439ff05,Comedy
67e5a11eaca0fa091439ff05,Culture
67eb9a396ad63b475a85437a,Geopolitics
67eb9a396ad63b475a85437a,Social Issues
67eb9a396ad63b475a85437a,History
67eb9a396ad63b475a85437a,Mysteries
67eb9a396ad63b475a85437a,Comedy
67eb9a396ad63b475a85437a,Educational
67eb9a396ad63b475a85437a,Motivational
67eb9a396ad63b475a85437a,Competitive Exams
67eb9a396ad63b475a85437a,Current Affairs
67eb9a396ad63b475a85437a,Entertainment
67eb9a396ad63b475a85437a,Finance
67eb9a396ad63b475a85437a,Spiritual
6800816d886f09e415457a9e,Productivity
6800816d886f09e415457a9e,Startup
6800816d886f09e415457a9e,Motivational
680bcb23886f09e41545887d,Educational
680bcb23886f09e41545887d,Motivational
680bcb23886f09e41545887d,Business
6841c8b7cfe60dc02661074e,Productivity
6841c8b7cfe60dc02661074e,Mysteries
6841c8b7cfe60dc02661074e,Startup
684e60cf4042e27af289fc3c,Culture
684e60cf4042e27af289fc3c,Literature
684e60cf4042e27af289fc3c,Podcast
684e60cf4042e27af289fc3c,Educational
684e60cf4042e27af289fc3c,Comedy
6856d7364042e27af28a1b46,Spiritual
6856d7364042e27af28a1b46,Culture
6856d7364042e27af28a1b46,Comedy
6856d7364042e27af28a1b46,Scams
6856d7364042e27af28a1b46,Entertainment
6856d7364042e27af28a1b46,Podcast
6870c7acc090e0f3d43c13c5,Geopolitics
6870c7acc090e0f3d43c13c5,Competitive Exams
6870c7acc090e0f3d43c13c5,Finance
6870c7acc090e0f3d43c13c5,Kids
6870c7acc090e0f3d43c13c5,Literature
6870c7acc090e0f3d43c13c5,Mysteries
6870c7acc090e0f3d43c13c5,Social Issues
6870c7acc090e0f3d43c13c5,Psychology
6870c7acc090e0f3d43c13c5,Spiritual
6870c7acc090e0f3d43c13c5,Health
6870c7acc090e0f3d43c13c5,Entertainment
6870c7acc090e0f3d43c13c5,Startup
6870cfdfc090e0f3d43c175e,Motivational
6870cfdfc090e0f3d43c175e,Finance
6870cfdfc090e0f3d43c175e,Scams
6870db855bdd19115a9b3807,Mysteries
6870db855bdd19115a9b3807,Geopolitics
6870db855bdd19115a9b3807,Kids
6870db855bdd19115a9b3807,Psychology
6870db855bdd19115a9b3807,Startup
6870db855bdd19115a9b3807,Educational
68982a54c14e977f8cb0f70d,Productivity
68982a54c14e977f8cb0f70d,Social Issues
68982a54c14e977f8cb0f70d,Literature
68982a54c14e977f8cb0f70d,Motivational
68982a54c14e977f8cb0f70d,Finance
68982a54c14e977f8cb0f70d,History
68982a54c14e977f8cb0f70d,Neurobiology
68982a54c14e977f8cb0f70d,Scams
68982a54c14e977f8cb0f70d,Mysteries
68982a54c14e977f8cb0f70d,Comedy
68982a54c14e977f8cb0f70d,Current Affairs
68982a54c14e977f8cb0f70d,Competitive Exams
68982a54c14e977f8cb0f70d,Spiritual
68982a54c14e977f8cb0f70d,Geopolitics
68982a54c14e977f8cb0f70d,Investment
68982a54c14e977f8cb0f70d,Politics
68982a54c14e977f8cb0f70d,Entertainment
68982a54c14e977f8cb0f70d,Crime
68982a54c14e977f8cb0f70d,Business
68982a54c14e977f8cb0f70d,Startup
68982a54c14e977f8cb0f70d,Kids
68982a54c14e977f8cb0f70d,Sales
68982a54c14e977f8cb0f70d,Psychology
68982a54c14e977f8cb0f70d,Educational
68982a54c14e977f8cb0f70d,Health
68982a54c14e977f8cb0f70d,Podcast
68982a54c14e977f8cb0f70d,Culture
